"Booking ID","Customer Name","Checking In","Checking Out"
407,"Patrick Webqom",2018-05-09,
406,"Patrick Webqom",2018-05-02,
405,"Patrick Webqom",2018-04-30,
404,"Patrick Webqom",2018-04-30,
403,"Patrick Webqom",2018-04-29,
402,"Patrick Webqom",2018-04-16,
401,"Jay Dhameliya",2018-04-16,
399,"Patrick Webqom",2018-04-15,
398,"Patrick Webqom",2018-04-12,
400,"Patrick Webqom",2018-04-11,
396,"Anand Webqom",2018-04-10,
394,"Jay Dhameliya",2018-04-09,
393,"Jay Dhameliya",2018-04-09,
397,"Anand Webqom",2018-04-08,
395,"Anand Webqom",2018-04-08,
392,"Anand Webqom",2018-04-03,
391,"Anand Webqom",2018-04-03,
390,"Anand Webqom",2018-03-30,
389,"Anand Webqom",2018-03-30,
388,"Jay Dhameliya",2018-03-30,
387,"Jay Dhameliya",2018-03-30,
385,"Patrick Webqom",2018-03-07,
383,"Patrick Webqom",2018-03-05,
384,"Patrick Webqom",2018-03-05,
386,"Patrick Webqom",2018-03-05,
382,"Patrick Webqom",2018-03-04,
381,"Patrick Webqom",2018-03-04,
380,"Patrick Webqom",2018-03-03,
379,"Patrick Webqom",2018-03-03,
378,"Patrick Webqom",2018-03-03,
377,"Patrick Webqom",2018-03-03,
390,"Anand Webqom",,2018-03-31
389,"Anand Webqom",,2018-03-31
388,"Jay Dhameliya",,2018-03-31
387,"Jay Dhameliya",,2018-03-31
385,"Patrick Webqom",,2018-03-10
384,"Patrick Webqom",,2018-03-08
386,"Patrick Webqom",,2018-03-07
383,"Patrick Webqom",,2018-03-07
382,"Patrick Webqom",,2018-03-06
381,"Patrick Webqom",,2018-03-06
380,"Patrick Webqom",,2018-03-06
379,"Patrick Webqom",,2018-03-06
378,"Patrick Webqom",,2018-03-06
377,"Patrick Webqom",,2018-03-05
376,"Webqom Webqom",,2018-03-03
375,"Webqom Webqom",,2018-03-03
369,"Anand Webqom",,2018-03-03
