id,order_id,createdate,email,first_name,last_name,totalPrice,status,payment_status
5,TBM00005,"2015-06-19 04:53:07",codechk1234@gmail.com,codechk,1234,115,Processing,Processing
6,TBM00006,"2015-06-19 04:53:55",codechk1234@gmail.com,codechk,1234,115,Cancelled,Paid
7,TBM00007,"2015-06-20 19:43:19",support@webqom.com,Labui,Jabui,101,Declined,"Payment Error"
8,TBM00008,"2015-06-23 23:57:18",tega@webqom.com,Birmingham,City,203,Declined,"Payment Error"
9,TBM00009,"2015-06-24 00:28:01",tega@webqom.com,Birmingham,City,202.5,Declined,"Payment Error"
10,TBM00010,"2015-06-24 16:57:18",codechk1234@gmail.com,codechk,1234,510,Declined,"Payment Error"
24,TBM00024,"2015-06-30 19:34:18",codechk1234@gmail.com,codechk,1234,1,Processing,Processing
29,TBM00029,"2015-07-01 14:12:05",testpop3@webqom.com,Carlisle,United,1,Processing,Processing
30,TBM00030,"2015-07-01 14:14:33",testpop3@webqom.com,Carlisle,United,1,Declined,"Payment Error"
31,TBM00031,"2015-07-01 14:20:29",testpop3@webqom.com,Carlisle,United,1,Declined,"Payment Error"
32,TBM00032,"2015-07-01 20:06:14",codechk1234@gmail.com,codechk,1234,1,Processing,Processing
33,TBM00033,"2015-07-01 20:13:34",codechk1234@gmail.com,codechk,1234,1,Declined,"Payment Error"
234,TBM00234,"2016-05-19 00:24:19",aziz@webqom.com,Aziz,Webqom,310,Declined,"Payment Error"
235,TBM00235,"2016-05-19 23:52:07",rizalman@webqom.com,Rizalman,Webqom,90,Declined,"Payment Error"
236,TBM00236,"2016-05-19 23:53:58",rizalman@webqom.com,Rizalman,Webqom,181,Processing,Processing
237,TBM00237,"2016-05-20 00:03:01",rizalman@webqom.com,Rizalman,Webqom,6180,"Ready To Ship",Paid
